participant_id,session_number,link
P001,1,https://xr-adaptive-modality-2025.vercel.app/intro?pid=P001&session=1
P002,1,https://xr-adaptive-modality-2025.vercel.app/intro?pid=P002&session=1
P003,1,https://xr-adaptive-modality-2025.vercel.app/intro?pid=P003&session=1
P004,1,https://xr-adaptive-modality-2025.vercel.app/intro?pid=P004&session=1
P005,1,https://xr-adaptive-modality-2025.vercel.app/intro?pid=P005&session=1
P006,1,https://xr-adaptive-modality-2025.vercel.app/intro?pid=P006&session=1
P007,1,https://xr-adaptive-modality-2025.vercel.app/intro?pid=P007&session=1
P008,1,https://xr-adaptive-modality-2025.vercel.app/intro?pid=P008&session=1
P009,1,https://xr-adaptive-modality-2025.vercel.app/intro?pid=P009&session=1
P010,1,https://xr-adaptive-modality-2025.vercel.app/intro?pid=P010&session=1
P011,1,https://xr-adaptive-modality-2025.vercel.app/intro?pid=P011&session=1
P012,1,https://xr-adaptive-modality-2025.vercel.app/intro?pid=P012&session=1
P013,1,https://xr-adaptive-modality-2025.vercel.app/intro?pid=P013&session=1
P014,1,https://xr-adaptive-modality-2025.vercel.app/intro?pid=P014&session=1
P015,1,https://xr-adaptive-modality-2025.vercel.app/intro?pid=P015&session=1
P016,1,https://xr-adaptive-modality-2025.vercel.app/intro?pid=P016&session=1
P017,1,https://xr-adaptive-modality-2025.vercel.app/intro?pid=P017&session=1
P018,1,https://xr-adaptive-modality-2025.vercel.app/intro?pid=P018&session=1
P019,1,https://xr-adaptive-modality-2025.vercel.app/intro?pid=P019&session=1
P020,1,https://xr-adaptive-modality-2025.vercel.app/intro?pid=P020&session=1
P021,1,https://xr-adaptive-modality-2025.vercel.app/intro?pid=P021&session=1
P022,1,https://xr-adaptive-modality-2025.vercel.app/intro?pid=P022&session=1
P023,1,https://xr-adaptive-modality-2025.vercel.app/intro?pid=P023&session=1
P024,1,https://xr-adaptive-modality-2025.vercel.app/intro?pid=P024&session=1
P025,1,https://xr-adaptive-modality-2025.vercel.app/intro?pid=P025&session=1
P026,1,https://xr-adaptive-modality-2025.vercel.app/intro?pid=P026&session=1
P027,1,https://xr-adaptive-modality-2025.vercel.app/intro?pid=P027&session=1
P028,1,https://xr-adaptive-modality-2025.vercel.app/intro?pid=P028&session=1
P029,1,https://xr-adaptive-modality-2025.vercel.app/intro?pid=P029&session=1
P030,1,https://xr-adaptive-modality-2025.vercel.app/intro?pid=P030&session=1
P031,1,https://xr-adaptive-modality-2025.vercel.app/intro?pid=P031&session=1
P032,1,https://xr-adaptive-modality-2025.vercel.app/intro?pid=P032&session=1
P033,1,https://xr-adaptive-modality-2025.vercel.app/intro?pid=P033&session=1
P034,1,https://xr-adaptive-modality-2025.vercel.app/intro?pid=P034&session=1
P035,1,https://xr-adaptive-modality-2025.vercel.app/intro?pid=P035&session=1
P036,1,https://xr-adaptive-modality-2025.vercel.app/intro?pid=P036&session=1
P037,1,https://xr-adaptive-modality-2025.vercel.app/intro?pid=P037&session=1
P038,1,https://xr-adaptive-modality-2025.vercel.app/intro?pid=P038&session=1
P039,1,https://xr-adaptive-modality-2025.vercel.app/intro?pid=P039&session=1
P040,1,https://xr-adaptive-modality-2025.vercel.app/intro?pid=P040&session=1
P041,1,https://xr-adaptive-modality-2025.vercel.app/intro?pid=P041&session=1
P042,1,https://xr-adaptive-modality-2025.vercel.app/intro?pid=P042&session=1
P043,1,https://xr-adaptive-modality-2025.vercel.app/intro?pid=P043&session=1
P044,1,https://xr-adaptive-modality-2025.vercel.app/intro?pid=P044&session=1
P045,1,https://xr-adaptive-modality-2025.vercel.app/intro?pid=P045&session=1
P046,1,https://xr-adaptive-modality-2025.vercel.app/intro?pid=P046&session=1
P047,1,https://xr-adaptive-modality-2025.vercel.app/intro?pid=P047&session=1
P048,1,https://xr-adaptive-modality-2025.vercel.app/intro?pid=P048&session=1
P049,1,https://xr-adaptive-modality-2025.vercel.app/intro?pid=P049&session=1
P050,1,https://xr-adaptive-modality-2025.vercel.app/intro?pid=P050&session=1
P051,1,https://xr-adaptive-modality-2025.vercel.app/intro?pid=P051&session=1
P052,1,https://xr-adaptive-modality-2025.vercel.app/intro?pid=P052&session=1
P053,1,https://xr-adaptive-modality-2025.vercel.app/intro?pid=P053&session=1
P054,1,https://xr-adaptive-modality-2025.vercel.app/intro?pid=P054&session=1
P055,1,https://xr-adaptive-modality-2025.vercel.app/intro?pid=P055&session=1
P056,1,https://xr-adaptive-modality-2025.vercel.app/intro?pid=P056&session=1
P057,1,https://xr-adaptive-modality-2025.vercel.app/intro?pid=P057&session=1
P058,1,https://xr-adaptive-modality-2025.vercel.app/intro?pid=P058&session=1
P059,1,https://xr-adaptive-modality-2025.vercel.app/intro?pid=P059&session=1
P060,1,https://xr-adaptive-modality-2025.vercel.app/intro?pid=P060&session=1
P061,1,https://xr-adaptive-modality-2025.vercel.app/intro?pid=P061&session=1
P062,1,https://xr-adaptive-modality-2025.vercel.app/intro?pid=P062&session=1
P063,1,https://xr-adaptive-modality-2025.vercel.app/intro?pid=P063&session=1
P064,1,https://xr-adaptive-modality-2025.vercel.app/intro?pid=P064&session=1
P065,1,https://xr-adaptive-modality-2025.vercel.app/intro?pid=P065&session=1
P066,1,https://xr-adaptive-modality-2025.vercel.app/intro?pid=P066&session=1
P067,1,https://xr-adaptive-modality-2025.vercel.app/intro?pid=P067&session=1
P068,1,https://xr-adaptive-modality-2025.vercel.app/intro?pid=P068&session=1
P069,1,https://xr-adaptive-modality-2025.vercel.app/intro?pid=P069&session=1
P070,1,https://xr-adaptive-modality-2025.vercel.app/intro?pid=P070&session=1
P071,1,https://xr-adaptive-modality-2025.vercel.app/intro?pid=P071&session=1
P072,1,https://xr-adaptive-modality-2025.vercel.app/intro?pid=P072&session=1
